{
  "users": [
    {
      "id": "4003",
      "name": "Swetha",
      "email": "swe@gmail.com",
      "password": "Swe@00"
    },
    {
      "id": "e472",
      "name": "Salini",
      "email": "salz@gmail.com",
      "password": "Salz"
    },
    {
      "id": "646a",
      "name": "Ruthra",
      "email": "ruthra@gmail.com",
      "password": "Ruthra@00"
    }
  ],
  "restaurant": [
    {
      "id": "bcbc",
      "name": "Burger King",
      "contact": 111111,
      "address": "Noida sector 50"
    },
    {
      "name": "Domino's",
      "contact": "000000",
      "address": "Gurgaon sector 200",
      "id": "6d0a"
    },
    {
      "id": "4c91",
      "name": "KFC",
      "contact": 555555,
      "address": "Gurgaon sector 40"
    },
    {
      "id": "3302",
      "name": "WOW momos",
      "contact": "666666",
      "address": "DLF"
    }
  ]
}