<?xml version="1.0" encoding="UTF-8"?>  
<beans  
    xmlns="http://www.springframework.org/schema/beans"  
    xmlns:xsi="http://www.w3.org/2001/XMLSchema-instance"  
    xmlns:p="http://www.springframework.org/schema/p"  
    xsi:schemaLocation="http://www.springframework.org/schema/beans  
               http://www.springframework.org/schema/beans/spring-beans-3.0.xsd">  
  

 <!-- spellCheck Object -->
  <bean id="spellCheckerbean" class="com.DI.SpellChecker"></bean>

<!-- DI through setter -->
 <bean id="textEditorbean1" class="com.DI.TextEditor" >  
<property name="sp" ref="spellCheckerbean" />

</bean>  

  
  <!--  DI through Constuctor-arg 
<bean id="textEditorbean" class="com.DI.TextEditor" >  
<constructor-arg ref="spellCheckerbean"/> 
 </bean>
 -->
</beans>  