{
  "users": [
    {
      "id": 1,
      "fullName": "Salini",
      "email": "salini@gmail.com",
      "phone": "9897964531",
      "city": "Krishnagiri",
      "state": "Tamil nadu",
      "country": "India"
    },
    {
      "fullName": "Gayathri",
      "email": "gayu@gmail.com",
      "phone": "9817064531",
      "city": "Thirutani",
      "state": "TamilNadu",
      "country": "India",
      "id": 2
    },
    {
      "fullName": "Swetha",
      "email": "swe@gmail.com",
      "phone": "9827914530",
      "city": "Villupuram",
      "state": "Tamilnadu",
      "country": "India",
      "id": 3
    },
    {
      "fullName": "Mohan",
      "email": "mohan@gmail.com",
      "phone": "8897364531",
      "city": "Thiruthani",
      "state": "TamilNadu",
      "country": "India",
      "id": 4
    },
    {
      "fullName": "Charukh",
      "email": "charu@gmail.com",
      "phone": "7897564531",
      "city": "Villupuram",
      "state": "TamilNadu",
      "country": "India",
      "id": 5
    }
  ]
}